orden_key,supplier_key,date_key,qty,paid_mount,net_total
PUR-ORD-2023-00973,INTEGRAT0001,2023-02-16,57,35178.53,33419.6
PUR-ORD-2023-00972,ELECTRON0002,2023-02-14,34,33749.27,32061.82
PUR-ORD-2023-00971,ELECTRON0001,2023-02-13,37,39055.28,37102.53
PUR-ORD-2023-00970,ILLINOIS0001,2023-02-10,65,34005.8,32305.5
PUR-ORD-2023-00969,ANDERSON0001,2023-02-08,80,19597.25,19009.33
PUR-ORD-2023-00968,PROSE0001,2023-02-03,77,18223.2,17858.73
PUR-ORD-2023-00967,PROSE0001,2023-01-30,55,18358.15,17990.99
PUR-ORD-2023-00966,INTERNAT0001,2023-01-27,55,21556.3,20694.05
PUR-ORD-2023-00965,ADATUM0001,2023-01-25,45,25610.3,24585.88
PUR-ORD-2023-00964,SUPERSAL0001,2023-01-23,55,31202.8,29642.64
PUR-ORD-2023-00963,TREYRE0001,2023-01-20,42,24950.72,23952.69
PUR-ORD-2023-00962,LITWARE0001,2023-01-18,42,26593.58,25263.9
PUR-ORD-2023-00961,LITWARE0001,2023-01-16,42,27512.1,26136.5
PUR-ORD-2023-00960,BUSINESS0001,2023-02-06,25,30747.8,29210.42
PUR-ORD-2023-00959,ELECTRON0001,2023-02-02,29,47374.5,45005.76
PUR-ORD-2023-00958,ANDERSON0001,2023-01-13,27,45052.13,42799.51
PUR-ORD-2023-00957,ILLINOIS0001,2023-01-11,62,34317.54,32601.68
PUR-ORD-2023-00956,PROSE0001,2023-01-09,40,27730.2,26343.68
PUR-ORD-2023-00955,INTERNAT0001,2023-01-05,24,24081.22,23117.97
PUR-ORD-2023-00954,ADATUM0001,2023-01-03,25,24434.37,23457
PUR-ORD-2023-00953,ADATUM0001,2022-02-17,20,32159.75,29586.97
PUR-ORD-2023-00952,INTERNAT0001,2022-02-05,18,28457.37,25611.64
PUR-ORD-2023-00951,ILLINOIS0001,2022-04-13,19,33492.69,30143.43
PUR-ORD-2023-00950,BUSINESS0001,2022-09-20,17,34267.32,32553.95
PUR-ORD-2023-00949,ELECTRON0002,2022-10-06,20,8685.31,7990.48
PUR-ORD-2023-00948,PROSE0001,2022-04-22,19,30268.49,28149.69
PUR-ORD-2023-00947,ANDERSON0001,2022-11-05,18,34095.72,32049.98
PUR-ORD-2023-00946,ELECTRON0001,2022-10-19,19,20647.81,19408.94
PUR-ORD-2023-00945,ELECTRON0002,2022-08-08,17,22659.19,20393.27
PUR-ORD-2023-00944,INTEGRAT0001,2022-07-11,19,49550.34,43604.3
PUR-ORD-2023-00943,LITWARE0001,2022-05-12,18,29211.51,27458.82
PUR-ORD-2023-00942,LITWARE0001,2022-10-04,18,30701.07,28244.98
PUR-ORD-2023-00941,ILLINOIS0001,2022-08-08,19,29751.71,26776.55
PUR-ORD-2023-00940,INTERNAT0001,2022-03-22,19,31411.34,28270.21
PUR-ORD-2023-00939,INTERNAT0001,2022-03-10,19,26294.75,23665.27
PUR-ORD-2023-00938,ANDERSON0001,2022-10-17,19,31411.34,29840.78
PUR-ORD-2023-00937,ILLINOIS0001,2022-08-02,43,7056.55,6350.88
PUR-ORD-2023-00936,ELECTRON0001,2022-07-18,19,887.66,798.88
PUR-ORD-2023-00935,ELECTRON0001,2022-05-16,152,13577.21,12219.49
PUR-ORD-2023-00934,ANDERSON0001,2022-04-17,24,6588.87,6259.42
PUR-ORD-2023-00933,PROSE0001,2022-03-12,40,20229.77,18409.09
PUR-ORD-2023-00932,ILLINOIS0001,2022-09-20,43,23221.94,20899.74
PUR-ORD-2023-00931,INTEGRAT0001,2022-01-05,43,24247.67,21822.9
PUR-ORD-2023-00930,ANDERSON0001,2022-03-19,43,25650.07,23085.05
PUR-ORD-2023-00929,PROSE0001,2022-02-08,40,22694.33,21559.62
PUR-ORD-2023-00928,ILLINOIS0001,2023-01-01,49,11987.88,10789.09
PUR-ORD-2023-00927,INTERNAT0001,2019-05-17,39,8732.23,8208.3
PUR-ORD-2023-00926,INTEGRAT0001,2019-08-14,45,10611.63,10081.05
PUR-ORD-2023-00925,PROSE0001,2019-03-03,45,11322.27,10303.27
PUR-ORD-2023-00924,INTEGRAT0001,2019-07-16,30,7205.25,6484.73
PUR-ORD-2023-00923,ANDERSON0001,2019-04-02,43,10612.84,9551.56
PUR-ORD-2023-00922,BUSINESS0001,2019-10-24,43,14004.85,13304.61
PUR-ORD-2023-00921,INTERNAT0001,2019-07-23,43,14881.76,13393.58
PUR-ORD-2023-00920,INTEGRAT0001,2019-01-10,43,17539.84,15785.86
PUR-ORD-2023-00919,ELECTRON0001,2019-04-25,40,20164.59,19156.36
PUR-ORD-2023-00918,LITWARE0001,2019-04-08,21,12847.91,11563.12
PUR-ORD-2023-00917,ILLINOIS0001,2019-09-09,52,29808.62,28318.19
PUR-ORD-2023-00916,ANDERSON0001,2019-07-14,43,24933.59,22440.23
PUR-ORD-2023-00915,ILLINOIS0001,2019-06-14,39,25484.91,23700.97
PUR-ORD-2023-00914,LITWARE0001,2019-08-17,24,31496.09,28976.4
PUR-ORD-2023-00913,INTEGRAT0001,2019-09-21,21,46157.02,41541.32
PUR-ORD-2023-00912,ADATUM0001,2019-10-20,18,47196.92,42477.23
PUR-ORD-2023-00911,INTEGRAT0001,2019-05-06,22,43035.49,38731.94
PUR-ORD-2023-00910,ELECTRON0002,2019-02-23,34,17439.21,16392.86
PUR-ORD-2023-00909,BUSINESS0001,2019-03-26,39,26188.05,24616.77
PUR-ORD-2023-00908,PROSE0001,2019-07-14,24,24512.46,23041.71
PUR-ORD-2023-00907,BUSINESS0001,2020-09-16,19,26858.16,25246.67
PUR-ORD-2023-00906,ELECTRON0002,2020-09-22,30,26220.41,24384.98
PUR-ORD-2023-00905,ELECTRON0001,2020-07-07,10,13826.97,12582.55
PUR-ORD-2023-00904,INTERNAT0001,2020-06-12,22,34199.85,31463.85
PUR-ORD-2023-00903,PROSE0001,2020-05-16,34,30078.2,27371.17
PUR-ORD-2023-00902,ADATUM0001,2022-02-20,36,34051.56,30646.39
PUR-ORD-2023-00901,ADATUM0001,2022-01-19,16,19941.1,18944.05
PUR-ORD-2023-00900,ELECTRON0001,2022-10-13,23,32969.11,30990.96
PUR-ORD-2023-00899,ANDERSON0001,2022-08-07,13,20329.37,18906.32
PUR-ORD-2023-00898,BUSINESS0001,2022-05-23,19,29937.51,27542.52
PUR-ORD-2023-00897,INTEGRAT0001,2022-04-11,19,36801.37,33489.24
PUR-ORD-2023-00896,LITWARE0001,2022-11-30,16,33486.57,30137.91
PUR-ORD-2023-00895,INTEGRAT0001,2022-08-08,16,19062.18,17346.59
PUR-ORD-2023-00894,INTEGRAT0001,2022-01-25,17,8021.31,7219.17
PUR-ORD-2023-00893,ANDERSON0001,2020-06-09,21,34242.93,30818.64
PUR-ORD-2023-00892,PROSE0001,2021-01-17,40,23830.21,21447.19
PUR-ORD-2023-00891,ADATUM0001,2021-06-03,30,18245.97,17151.21
PUR-ORD-2023-00890,INTEGRAT0001,2019-01-19,51,38409.44,35720.78
PUR-ORD-2023-00889,BUSINESS0001,2019-01-11,24,21641.07,19909.78
PUR-ORD-2023-00888,BUSINESS0001,2021-02-18,17,18656.17,16790.55
PUR-ORD-2023-00887,ILLINOIS0001,2021-05-14,130,7730.45,7112.01
PUR-ORD-2023-00886,ILLINOIS0001,2021-08-20,40,8623.16,7760.84
PUR-ORD-2023-00885,PROSE0001,2021-09-21,39,9227.51,8304.76
PUR-ORD-2023-00884,ILLINOIS0001,2019-08-16,25,6195.53,5885.75
PUR-ORD-2023-00883,ELECTRON0001,2021-11-25,38,9202.32,8466.13
PUR-ORD-2023-00882,ELECTRON0001,2021-04-12,39,9740.45,9058.62
PUR-ORD-2023-00881,ELECTRON0001,2020-08-05,25,7513.21,7062.42
PUR-ORD-2023-00880,ANDERSON0001,2019-05-17,37,13248.78,12586.34
PUR-ORD-2023-00879,INTERNAT0001,2019-07-02,41,26010.79,23409.71
PUR-ORD-2023-00878,INTERNAT0001,2019-11-13,43,26744.46,24337.46
PUR-ORD-2023-00877,INTERNAT0001,2019-02-03,24,17831.67,16405.14
PUR-ORD-2023-00876,ILLINOIS0001,2019-09-19,19,14038.81,13056.09
PUR-ORD-2023-00875,BUSINESS0001,2019-01-02,17,48650.08,45731.08
PUR-ORD-2023-00874,ADATUM0001,2022-05-30,17,26587.42,25258.05
PUR-ORD-2023-00873,ANDERSON0001,2022-04-13,17,8788.31,8261.01
PUR-ORD-2023-00872,ELECTRON0002,2022-09-12,13,8753.99,8228.75
PUR-ORD-2023-00871,ELECTRON0001,2022-06-10,25,32631.8,30673.89
PUR-ORD-2023-00870,ILLINOIS0001,2022-09-14,23,21169.58,19052.62
PUR-ORD-2023-00869,ANDERSON0001,2022-04-07,14,20020.28,18819.06
PUR-ORD-2023-00868,ELECTRON0001,2022-04-16,30,34074.72,32370.98
PUR-ORD-2023-00867,ELECTRON0001,2022-08-07,3,4281.06,4024.2
PUR-ORD-2023-00866,ELECTRON0001,2022-11-22,25,40171.22,38162.66
PUR-ORD-2023-00865,ELECTRON0001,2022-09-29,28,28601.11,26599.03
PUR-ORD-2023-00864,ELECTRON0001,2022-08-04,20,27506.92,25856.5
PUR-ORD-2023-00863,ELECTRON0001,2022-08-17,21,19861.42,18868.35
PUR-ORD-2023-00862,ELECTRON0001,2022-04-21,13,17922.36,16488.57
PUR-ORD-2023-00861,ELECTRON0001,2022-06-06,25,39706.33,35735.7
PUR-ORD-2023-00860,ELECTRON0001,2022-05-23,23,42185.65,37967.09
PUR-ORD-2023-00859,INTEGRAT0001,2022-06-23,15,16983.82,15794.95
PUR-ORD-2023-00858,INTERNAT0001,2022-05-02,24,39080.67,35563.41
PUR-ORD-2023-00857,ELECTRON0001,2022-04-03,17,30105.33,27094.8
PUR-ORD-2023-00856,ELECTRON0001,2022-02-10,19,38689.77,35594.59
PUR-ORD-2023-00855,ELECTRON0001,2022-01-04,24,32049.51,29165.05
PUR-ORD-2023-00854,LITWARE0001,2022-01-01,18,8400.58,7980.55
PUR-ORD-2023-00853,INTEGRAT0001,2022-04-19,23,25853.71,23268.34
PUR-ORD-2023-00852,ANDERSON0001,2022-05-16,24,5879.27,5350.14
PUR-ORD-2023-00851,ANDERSON0001,2021-04-27,30,9333.88,8400.49
PUR-ORD-2023-00850,INTERNAT0001,2021-11-14,43,23988.29,21589.46
PUR-ORD-2023-00849,INTERNAT0001,2021-11-23,24,14497.2,13627.37
PUR-ORD-2023-00848,INTERNAT0001,2020-10-14,24,10908.55,9817.69
PUR-ORD-2023-00847,INTERNAT0001,2020-08-24,30,49328.32,44395.49
PUR-ORD-2023-00846,INTERNAT0001,2020-06-16,23,29374.44,27611.97
PUR-ORD-2023-00845,INTERNAT0001,2020-05-14,15,22088.36,20100.41
PUR-ORD-2023-00844,INTERNAT0001,2021-05-21,18,28812.56,25931.3
PUR-ORD-2023-00843,INTERNAT0001,2021-04-05,18,34035.42,30631.88
PUR-ORD-2023-00842,INTERNAT0001,2021-03-12,17,27661.7,25172.15
PUR-ORD-2023-00841,INTERNAT0001,2021-02-08,15,20256.14,18635.65
PUR-ORD-2023-00840,INTERNAT0001,2021-01-07,30,48181.05,43362.95
PUR-ORD-2023-00839,PROSE0001,2021-11-10,15,29627.65,27849.99
PUR-ORD-2023-00838,PROSE0001,2021-10-18,21,14312.39,12881.15
PUR-ORD-2023-00837,PROSE0001,2021-08-20,30,26554.94,24961.64
PUR-ORD-2023-00836,PROSE0001,2019-10-06,9,10134.45,9425.03
PUR-ORD-2023-00835,PROSE0001,2021-10-13,25,16189.39,15056.13
PUR-ORD-2023-00834,ADATUM0001,2019-09-06,9,12268.17,11654.76
PUR-ORD-2023-00833,ELECTRON0002,2019-08-06,22,14954.42,13907.61
PUR-ORD-2023-00832,ILLINOIS0001,2019-07-06,13,14442.18,13142.38
PUR-ORD-2023-00831,PROSE0001,2021-09-06,20,17587.49,16532.24
PUR-ORD-2023-00830,BUSINESS0001,2019-06-06,17,3140.99,3140.99
PUR-ORD-2023-00829,ELECTRON0002,2019-05-06,9,12142.85,10928.57
PUR-ORD-2023-00828,BUSINESS0001,2019-04-06,14,17014.28,15483
PUR-ORD-2023-00827,PROSE0001,2021-08-11,20,13019.23,12368.27
PUR-ORD-2023-00826,BUSINESS0001,2019-03-06,13,11509.43,10703.76
PUR-ORD-2023-00825,ANDERSON0001,2019-02-06,11,2580.86,2580.86
PUR-ORD-2023-00824,ANDERSON0001,2019-01-06,12,6864.2,6520.99
PUR-ORD-2023-00823,PROSE0001,2021-09-19,15,10936.62,10389.79
PUR-ORD-2023-00822,PROSE0001,2021-08-03,15,13145.5,11830.95
PUR-ORD-2023-00821,PROSE0001,2021-06-04,15,16474.75,14827.27
PUR-ORD-2023-00820,PROSE0001,2021-05-16,15,20465.83,18623.9
PUR-ORD-2023-00819,PROSE0001,2021-04-17,15,0,0
PUR-ORD-2023-00818,PROSE0001,2021-02-07,3,0,0
PUR-ORD-2023-00817,PROSE0001,2021-01-04,29,53764.25,50000.75
PUR-ORD-2023-00816,ADATUM0001,2021-10-05,24,15275.89,14359.33
PUR-ORD-2023-00815,ADATUM0001,2021-08-11,17,11908.48,10717.63
PUR-ORD-2023-00814,ADATUM0001,2021-06-17,19,16771.57,15765.28
PUR-ORD-2023-00813,ADATUM0001,2021-05-17,20,20287.18,18867.07
PUR-ORD-2023-00812,ADATUM0001,2021-03-12,19,0,0
PUR-ORD-2023-00811,ADATUM0001,2021-02-03,19,18416.35,17127.22
PUR-ORD-2023-00810,ADATUM0001,2021-01-01,26,2561.26,2407.58
PUR-ORD-2023-00809,ANDERSON0001,2020-08-11,26,5817.59,5468.54
PUR-ORD-2023-00808,ANDERSON0001,2020-05-24,21,4517.96,4111.34
PUR-ORD-2023-00807,ANDERSON0001,2020-02-12,28,6307.18,5928.74
PUR-ORD-2023-00806,ANDERSON0001,2020-01-04,19,11741.06,10566.95
PUR-ORD-2023-00805,INTERNAT0001,2020-11-24,21,11364.31,10682.45
PUR-ORD-2023-00804,INTERNAT0001,2020-10-11,25,10142.79,9128.51
PUR-ORD-2023-00803,PROSE0001,2020-09-21,30,13234.79,12573.04
PUR-ORD-2023-00802,ELECTRON0001,2020-05-13,41,23776.35,21874.24
PUR-ORD-2023-00801,ILLINOIS0001,2020-02-19,34,20176.09,18158.47
PUR-ORD-2023-00800,BUSINESS0001,2020-01-29,29,17551.15,15796.03
PUR-ORD-2023-00799,INTEGRAT0001,2020-01-07,19,11455.77,10882.98
PUR-ORD-2023-00798,INTEGRAT0001,2019-11-08,31,19959,19160.63
PUR-ORD-2023-00797,LITWARE0001,2019-10-02,20,27143.03,25243.03
PUR-ORD-2023-00796,INTEGRAT0001,2019-09-12,20,13339.18,12405.44
PUR-ORD-2023-00795,BUSINESS0001,2019-08-05,20,15493.3,14253.85
PUR-ORD-2023-00794,BUSINESS0001,2019-07-08,19,16724.32,15720.86
PUR-ORD-2023-00793,ANDERSON0001,2019-06-18,18,24307.25,21876.53
PUR-ORD-2023-00792,ILLINOIS0001,2019-05-20,14,11074.2,10077.52
PUR-ORD-2023-00791,INTERNAT0001,2019-05-12,18,17486.86,15738.17
PUR-ORD-2023-00790,PROSE0001,2019-03-07,17,14246.94,13107.19
PUR-ORD-2023-00789,ADATUM0001,2019-02-04,17,23818.46,22389.35
PUR-ORD-2023-00788,ILLINOIS0001,2019-01-02,20,11450.36,10305.33
PUR-ORD-2023-00787,ADATUM0001,2022-11-24,30,49716.76,47230.91
PUR-ORD-2023-00786,BUSINESS0001,2020-07-05,17,9662.68,8696.41
PUR-ORD-2023-00785,INTERNAT0001,2020-11-08,25,15103.31,14348.15
PUR-ORD-2023-00784,ILLINOIS0001,2019-08-23,15,9111.96,8383.01
PUR-ORD-2023-00783,BUSINESS0001,2022-11-28,24,39081.07,37127.02
PUR-ORD-2023-00782,INTERNAT0001,2019-02-05,24,16298.19,14668.37
PUR-ORD-2023-00781,INTERNAT0001,2019-01-05,19,13862.82,13169.68
PUR-ORD-2023-00780,ANDERSON0001,2022-11-25,30,25997.92,24958.01
PUR-ORD-2023-00779,ELECTRON0002,2022-11-24,63,25560.27,24537.87
PUR-ORD-2023-00778,ADATUM0001,2022-11-22,40,14284.3,13998.61
PUR-ORD-2023-00777,ANDERSON0001,2022-11-21,52,37657.91,35775.02
PUR-ORD-2023-00776,INTERNAT0001,2022-11-17,58,18368.11,18000.75
PUR-ORD-2023-00775,ELECTRON0002,2022-11-16,81,32138.88,30531.94
PUR-ORD-2023-00774,PROSE0001,2022-11-14,39,53714.92,51029.19
PUR-ORD-2023-00773,ADATUM0001,2022-11-11,75,31313.88,29748.19
PUR-ORD-2023-00772,SUPERSAL0001,2022-11-09,43,9174.62,8991.13
PUR-ORD-2023-00771,TREYRE0001,2022-11-07,65,46782.4,44443.28
PUR-ORD-2023-00770,LITWARE0001,2022-11-04,58,34901.52,33156.44
PUR-ORD-2023-00769,INTEGRAT0001,2022-02-06,19,12180.94,10962.84
PUR-ORD-2023-00768,ELECTRON0001,2022-01-09,20,11982.54,11383.42
PUR-ORD-2023-00767,ANDERSON0001,2022-11-03,47,22550.54,21874.03
PUR-ORD-2023-00766,INTEGRAT0001,2022-05-09,15,10504.6,9454.14
PUR-ORD-2023-00765,PROSE0001,2022-08-07,14,12868.51,11581.66
PUR-ORD-2023-00764,ELECTRON0001,2022-07-10,14,12868.51,11581.66
PUR-ORD-2023-00763,INTERNAT0001,2022-11-01,38,21387.99,20746.35
PUR-ORD-2023-00762,ELECTRON0001,2022-01-09,17,19340.63,18180.19
PUR-ORD-2023-00761,ANDERSON0001,2022-12-05,19,33652.63,30960.42
PUR-ORD-2023-00760,INTEGRAT0001,2022-10-31,30,36417.14,34596.27
PUR-ORD-2023-00759,INTERNAT0001,2022-11-14,19,46570.77,41913.69
PUR-ORD-2023-00758,PROSE0001,2022-09-12,15,46467.39,41820.64
PUR-ORD-2023-00757,INTEGRAT0001,2022-10-28,42,33590.59,31911.05
PUR-ORD-2023-00756,ELECTRON0001,2022-10-27,37,37089.63,35235.16
PUR-ORD-2023-00755,BUSINESS0001,2022-10-25,66,23649.8,22703.8
PUR-ORD-2023-00754,ANDERSON0001,2022-10-21,38,29006.04,27555.75
PUR-ORD-2023-00753,BUSINESS0001,2021-08-21,18,37424.2,34056.02
PUR-ORD-2023-00752,INTERNAT0001,2022-10-19,39,23647.53,22701.62
PUR-ORD-2023-00751,ILLINOIS0001,2021-04-05,17,8788.31,7909.47
PUR-ORD-2023-00750,ILLINOIS0001,2022-10-17,50,42864.2,40720.98
PUR-ORD-2023-00749,ELECTRON0002,2022-10-14,50,9477.1,9287.56
PUR-ORD-2023-00748,INTERNAT0001,2022-10-13,33,19537.86,18951.73
PUR-ORD-2023-00747,PROSE0001,2022-10-11,41,25101.47,24097.39
PUR-ORD-2023-00746,ILLINOIS0001,2021-11-08,23,12153.98,11546.29
PUR-ORD-2023-00745,ELECTRON0002,2021-04-19,24,14016.17,13035.04
PUR-ORD-2023-00744,INTEGRAT0001,2021-09-12,24,12212.63,11235.63
PUR-ORD-2023-00743,ELECTRON0002,2021-01-04,18,10267.8,9651.72
PUR-ORD-2023-00742,INTEGRAT0001,2022-07-07,15,9893.56,9102.08
PUR-ORD-2023-00741,ELECTRON0002,2022-10-02,15,13092.51,11914.18
PUR-ORD-2023-00740,ANDERSON0001,2022-11-07,23,22424.85,20182.36
PUR-ORD-2023-00739,INTEGRAT0001,2022-02-14,16,25772.95,23968.84
PUR-ORD-2023-00738,ADATUM0001,2022-10-10,37,39940.03,37943.04
PUR-ORD-2023-00737,LITWARE0001,2022-04-09,17,25033.52,23030.84
PUR-ORD-2023-00736,TREYRE0001,2022-10-07,46,35631.22,33849.67
PUR-ORD-2023-00735,LITWARE0001,2022-05-02,12,18778.55,17088.47
PUR-ORD-2023-00734,LITWARE0001,2022-06-01,17,29150.16,26235.14
PUR-ORD-2023-00733,LITWARE0001,2022-10-05,46,32315.9,30700.09
PUR-ORD-2023-00732,ELECTRON0002,2022-05-16,3,5820.25,5529.23
PUR-ORD-2023-00731,INTEGRAT0001,2022-10-04,31,31502.65,29927.52
PUR-ORD-2023-00730,ANDERSON0001,2022-05-01,29,31825.99,29598.16
PUR-ORD-2023-00729,ELECTRON0001,2022-10-03,38,20710.6,20089.28
PUR-ORD-2023-00728,PROSE0001,2022-04-16,22,36415.9,33502.62
PUR-ORD-2023-00727,ANDERSON0001,2022-09-30,64,10894.02,10676.15
PUR-ORD-2023-00726,ELECTRON0001,2022-04-01,19,37244.41,33892.4
PUR-ORD-2023-00725,ILLINOIS0001,2022-03-01,15,38739.29,34865.36
PUR-ORD-2023-00724,BUSINESS0001,2022-09-29,57,32989.01,31339.57
PUR-ORD-2023-00723,ELECTRON0002,2022-09-27,36,21924.74,21266.99
PUR-ORD-2023-00722,ILLINOIS0001,2022-09-26,52,21071.3,20439.17
PUR-ORD-2023-00721,INTERNAT0001,2022-09-23,45,50978,48429.09
PUR-ORD-2023-00720,PROSE0001,2022-09-21,45,27408.51,26312.18
PUR-ORD-2023-00719,ADATUM0001,2021-03-12,58,19511.83,18926.48
PUR-ORD-2023-00718,ELECTRON0001,2021-02-03,27,59942.74,53349.04
PUR-ORD-2023-00717,ADATUM0001,2022-09-20,33,46174.78,43866.03
PUR-ORD-2023-00716,LITWARE0001,2021-11-02,42,78314.14,71265.86
PUR-ORD-2023-00715,PROSE0001,2021-11-01,24,54076.5,50291.14
PUR-ORD-2023-00714,SUPERSAL0001,2022-09-19,38,42899.73,40754.75
PUR-ORD-2023-00713,ADATUM0001,2021-09-15,45,27992.05,26592.45
PUR-ORD-2023-00712,TREYRE0001,2022-09-16,35,33401.04,31730.97
PUR-ORD-2023-00711,LITWARE0001,2022-09-14,34,43628.07,41446.67
PUR-ORD-2023-00710,ANDERSON0001,2022-11-13,32,13697.12,12327.41
PUR-ORD-2023-00709,INTEGRAT0001,2022-09-13,39,15534.36,15223.68
PUR-ORD-2023-00708,ILLINOIS0001,2021-12-15,33,28498.91,26503.99
PUR-ORD-2023-00707,ELECTRON0001,2022-09-09,48,27315.81,26223.18
PUR-ORD-2023-00706,ANDERSON0001,2021-10-07,35,43681.41,40623.71
PUR-ORD-2023-00705,ANDERSON0001,2022-09-07,36,26101.22,25057.17
PUR-ORD-2023-00704,ANDERSON0001,2021-08-09,48,67519.42,60767.48
PUR-ORD-2023-00703,ELECTRON0001,2022-01-21,76,11587.24,10428.51
PUR-ORD-2023-00702,INTEGRAT0001,2022-09-23,128,72107.16,63454.31
PUR-ORD-2023-00701,LITWARE0001,2021-12-10,22,35177.93,33419.03
PUR-ORD-2023-00700,BUSINESS0001,2022-09-05,31,35352.51,33584.87
PUR-ORD-2023-00699,BUSINESS0001,2022-02-20,172,52209.72,46988.74
PUR-ORD-2023-00698,INTEGRAT0001,2021-09-01,33,54992.52,52242.89
PUR-ORD-2023-00697,BUSINESS0001,2022-09-02,24,41241.16,39179.09
PUR-ORD-2023-00696,ILLINOIS0001,2022-08-16,114,8752.66,7877.39
PUR-ORD-2023-00695,ELECTRON0001,2021-05-17,25,50117.15,46107.78
PUR-ORD-2023-00694,PROSE0001,2022-02-01,122,19037.96,17134.16
PUR-ORD-2023-00693,ADATUM0001,2021-12-22,37,21263.19,20200.03
PUR-ORD-2023-00692,ELECTRON0002,2022-08-31,37,28701.92,27266.82
PUR-ORD-2023-00691,ADATUM0001,2022-09-16,145,14733.4,13849.4
PUR-ORD-2023-00690,ILLINOIS0001,2022-08-30,63,29870.54,28377
PUR-ORD-2023-00689,LITWARE0001,2022-01-13,29,17167.2,16308.83
PUR-ORD-2023-00688,ANDERSON0001,2022-05-03,33,19696.81,18121.06
PUR-ORD-2023-00687,INTERNAT0001,2022-08-29,48,19307.01,18727.81
PUR-ORD-2023-00686,PROSE0001,2022-08-26,44,26711.34,25642.88
PUR-ORD-2023-00685,ADATUM0001,2019-01-08,35,21091.66,19615.25
PUR-ORD-2023-00684,ADATUM0001,2022-08-25,37,24859.62,23865.25
PUR-ORD-2023-00683,ELECTRON0001,2020-10-18,26,15941.92,14985.41
PUR-ORD-2023-00682,ADATUM0001,2022-01-02,31,26135.88,24829.08
PUR-ORD-2023-00681,ADATUM0001,2022-02-02,31,31417.82,28276.04
PUR-ORD-2023-00680,ILLINOIS0001,2019-01-06,27,25640.12,24358.12
PUR-ORD-2023-00679,INTERNAT0001,2019-07-15,15,17111.58,16084.88
PUR-ORD-2023-00678,ADATUM0001,2019-09-20,27,21748.86,20226.45
PUR-ORD-2023-00677,INTEGRAT0001,2020-07-05,22,6091.15,5603.86
PUR-ORD-2023-00676,INTEGRAT0001,2020-12-06,40,9924.48,9031.28
PUR-ORD-2023-00675,LITWARE0001,2021-08-06,31,37064.73,35952.79
PUR-ORD-2023-00674,PROSE0001,2020-07-18,34,7855.28,7069.75
PUR-ORD-2023-00673,ELECTRON0001,2021-05-21,20,4640.95,4548.12
PUR-ORD-2023-00672,INTEGRAT0001,2020-09-18,41,10243.95,9731.75
PUR-ORD-2023-00671,LITWARE0001,2021-02-14,39,15425.66,14345.86
PUR-ORD-2023-00670,ILLINOIS0001,2021-12-05,21,11224.69,10663.46
PUR-ORD-2023-00669,PROSE0001,2021-11-02,43,26739.69,25402.71
PUR-ORD-2023-00668,INTERNAT0001,2021-05-04,63,34970.22,33221.71
PUR-ORD-2023-00667,ELECTRON0002,2020-01-09,43,10773.93,9696.54
PUR-ORD-2023-00666,PROSE0001,2020-04-08,38,8757.16,7881.44
PUR-ORD-2023-00665,ELECTRON0002,2021-07-28,28,5754.88,5524.69
PUR-ORD-2023-00664,ELECTRON0002,2021-08-01,57,2886.51,2886.51
PUR-ORD-2023-00663,INTERNAT0001,2021-11-02,40,120305.45,102259.64
PUR-ORD-2023-00662,INTEGRAT0001,2021-03-24,20,46963.73,42267.35
PUR-ORD-2023-00661,ELECTRON0001,2021-01-08,19,4452.39,4229.77
PUR-ORD-2023-00660,ELECTRON0002,2021-06-10,35,11036.6,10484.77
PUR-ORD-2023-00659,ADATUM0001,2021-09-10,14,3512.83,3337.19
PUR-ORD-2023-00658,ANDERSON0001,2021-07-05,42,27736.33,26349.52
PUR-ORD-2023-00657,LITWARE0001,2021-06-03,32,27845.83,27010.46
PUR-ORD-2023-00656,ILLINOIS0001,2021-05-12,38,9557.12,8601.4
PUR-ORD-2023-00655,ELECTRON0001,2021-01-08,38,9557.12,8601.4
PUR-ORD-2023-00654,ELECTRON0001,2021-06-11,28,6503.64,5853.28
PUR-ORD-2023-00653,INTEGRAT0001,2021-04-03,19,50612.43,45551.2
PUR-ORD-2023-00652,ELECTRON0002,2021-12-04,87,6808.42,6604.17
PUR-ORD-2023-00651,ADATUM0001,2021-01-16,23,33205.82,29885.23
PUR-ORD-2023-00650,ANDERSON0001,2021-01-07,17,39620.54,37639.52
PUR-ORD-2023-00649,INTEGRAT0001,2021-01-28,65,14415.68,13983.21
PUR-ORD-2023-00648,ADATUM0001,2021-10-31,67,37933.11,34139.8
PUR-ORD-2023-00647,BUSINESS0001,2021-06-30,41,69753.55,65568.33
PUR-ORD-2023-00646,ILLINOIS0001,2021-11-24,21,24842.74,24097.46
PUR-ORD-2023-00645,INTERNAT0001,2021-01-30,16,25193.19,22925.81
PUR-ORD-2023-00644,ELECTRON0001,2021-04-23,29,64515.24,58063.72
PUR-ORD-2023-00643,INTERNAT0001,2021-11-17,90,6149.7,5842.21
PUR-ORD-2023-00642,LITWARE0001,2021-08-22,17,27714,25774.03
PUR-ORD-2023-00641,ANDERSON0001,2021-02-14,24,45685,42030.2
PUR-ORD-2023-00640,ANDERSON0001,2021-04-22,48,16333.73,15843.72
PUR-ORD-2023-00639,PROSE0001,2021-09-30,84,54177.43,54177.43
PUR-ORD-2023-00638,BUSINESS0001,2021-01-06,29,41583.66,39504.48
PUR-ORD-2023-00637,ILLINOIS0001,2021-11-08,48,16333.73,15843.72
PUR-ORD-2023-00636,PROSE0001,2021-03-10,40,18595.15,16735.64
PUR-ORD-2023-00635,INTEGRAT0001,2021-06-13,26,22938.14,20873.71
PUR-ORD-2023-00634,LITWARE0001,2021-05-21,88,56503.84,56503.84
PUR-ORD-2023-00633,ANDERSON0001,2021-01-12,18,22896.74,20607.07
PUR-ORD-2023-00632,LITWARE0001,2021-01-08,20,27547.21,24792.49
PUR-ORD-2023-00631,PROSE0001,2021-05-14,34,29772.73,26795.45
PUR-ORD-2023-00630,ANDERSON0001,2021-10-09,18,17175.07,16316.31
PUR-ORD-2023-00629,INTEGRAT0001,2021-09-19,16,22475.47,20227.91
PUR-ORD-2023-00628,ADATUM0001,2021-01-01,18,26486.75,23838.08
PUR-ORD-2023-00627,INTEGRAT0001,2021-02-07,16,26135.54,23521.98
PUR-ORD-2023-00626,LITWARE0001,2021-01-12,23,38378.94,34541.04
PUR-ORD-2023-00625,INTEGRAT0001,2021-06-17,194,13730.32,12631.9
PUR-ORD-2023-00624,LITWARE0001,2021-10-12,223,12841.92,11557.72
PUR-ORD-2023-00623,ELECTRON0001,2021-11-16,131,9646.82,9164.48
PUR-ORD-2023-00622,PROSE0001,2021-01-04,133,86357.47,75994.58
PUR-ORD-2023-00621,LITWARE0001,2021-07-22,181,10064.79,9058.32
PUR-ORD-2023-00620,ELECTRON0002,2021-03-06,129,11254.23,10128.8
PUR-ORD-2023-00619,INTERNAT0001,2022-08-23,49,11391.17,11163.36
PUR-ORD-2023-00618,INTERNAT0001,2021-08-18,45,7593.71,7214.03
PUR-ORD-2023-00617,ELECTRON0001,2019-10-04,9,11380.26,10469.84
PUR-ORD-2023-00616,ILLINOIS0001,2022-08-22,42,37883.22,35989.06
PUR-ORD-2023-00615,LITWARE0001,2021-06-16,39,19163.53,17247.18
PUR-ORD-2023-00614,PROSE0001,2021-09-18,38,20531.99,18478.79
PUR-ORD-2023-00613,ELECTRON0002,2022-08-19,43,35688.21,33903.8
PUR-ORD-2023-00612,ADATUM0001,2022-08-17,35,32219.09,30608.12
PUR-ORD-2023-00611,ADATUM0001,2021-02-14,50,27351.97,24616.78
PUR-ORD-2023-00610,SUPERSAL0001,2022-08-15,54,34786.48,33047.15
PUR-ORD-2023-00609,INTEGRAT0001,2021-07-28,34,20627.09,18564.39
PUR-ORD-2023-00608,LITWARE0001,2021-12-01,35,21020.72,18918.65
PUR-ORD-2023-00607,PROSE0001,2021-09-17,30,16645.75,14981.17
PUR-ORD-2023-00606,INTEGRAT0001,2021-05-05,29,17519.42,15767.49
PUR-ORD-2023-00605,TREYRE0001,2022-08-12,66,34273.77,32560.08
PUR-ORD-2023-00604,LITWARE0001,2021-01-03,37,22655.98,20390.38
PUR-ORD-2023-00603,LITWARE0001,2021-07-19,33,25926.62,24630.3
PUR-ORD-2023-00602,PROSE0001,2022-08-11,60,26467.7,25409
PUR-ORD-2023-00601,INTEGRAT0001,2021-11-22,28,26711.95,25376.35
PUR-ORD-2023-00600,INTEGRAT0001,2021-05-16,26,29273.32,26346
PUR-ORD-2023-00599,ILLINOIS0001,2022-08-09,44,31452.04,29879.45
PUR-ORD-2023-00598,INTEGRAT0001,2021-06-28,37,8781.21,7903.09
PUR-ORD-2023-00597,ELECTRON0001,2021-06-25,42,10640.3,9576.28
PUR-ORD-2023-00596,ELECTRON0001,2021-09-12,46,15392.79,13853.51
PUR-ORD-2023-00595,LITWARE0001,2021-01-03,41,24587.38,23112.14
PUR-ORD-2023-00594,ADATUM0001,2021-11-24,36,21723.64,20637.45
PUR-ORD-2023-00593,PROSE0001,2021-04-05,43,27262.83,25899.69
PUR-ORD-2023-00592,ELECTRON0001,2021-12-17,40,19814.4,17832.96
PUR-ORD-2023-00591,ANDERSON0001,2021-09-17,19,14076.09,12668.48
PUR-ORD-2023-00590,INTERNAT0001,2021-08-06,16,21832.09,19648.87
PUR-ORD-2023-00589,ANDERSON0001,2022-08-08,65,27051.85,25699.26
PUR-ORD-2023-00588,ELECTRON0002,2021-04-05,20,40184.56,36567.95
PUR-ORD-2023-00587,ADATUM0001,2021-12-15,17,45660.39,41094.36
PUR-ORD-2023-00586,ELECTRON0001,2021-06-12,19,29145.31,26230.78
PUR-ORD-2023-00585,INTERNAT0001,2022-07-29,44,28133.69,27008.35
PUR-ORD-2023-00584,BUSINESS0001,2021-09-17,19,9502.92,8552.63
PUR-ORD-2023-00583,ELECTRON0001,2021-11-29,52,25542.8,24265.67
PUR-ORD-2023-00582,LITWARE0001,2021-02-03,50,31450.27,30506.77
PUR-ORD-2023-00581,ILLINOIS0001,2021-12-17,40,24153.35,22945.68
PUR-ORD-2023-00580,INTEGRAT0001,2021-05-06,26,13851.18,12466.06
PUR-ORD-2023-00579,PROSE0001,2021-06-26,50,31402.65,29832.52
PUR-ORD-2023-00578,INTERNAT0001,2022-07-28,74,43737.68,41550.78
PUR-ORD-2023-00577,INTERNAT0001,2021-07-11,28,16739.78,15735.38
PUR-ORD-2023-00576,ADATUM0001,2021-07-06,60,38093.17,36950.38
PUR-ORD-2023-00575,INTERNAT0001,2021-12-23,88,38295.56,36380.78
PUR-ORD-2023-00574,PROSE0001,2021-10-10,38,26555.42,23899.88
PUR-ORD-2023-00573,ANDERSON0001,2021-10-12,49,107067.17,91007.09
PUR-ORD-2023-00572,ILLINOIS0001,2021-08-05,24,21351.63,20284.04
PUR-ORD-2023-00571,BUSINESS0001,2022-07-26,34,28096.44,26691.62
PUR-ORD-2023-00570,PROSE0001,2021-08-20,45,46154.97,42924.13
PUR-ORD-2023-00569,ELECTRON0002,2021-09-17,20,20224.18,18404
PUR-ORD-2023-00568,BUSINESS0001,2021-03-24,45,46154.97,42924.13
PUR-ORD-2023-00567,ADATUM0001,2021-06-12,17,23360.74,21725.5
PUR-ORD-2023-00566,INTERNAT0001,2022-07-22,32,42637.75,40505.87
PUR-ORD-2023-00565,ANDERSON0001,2021-01-11,12,19423.88,18258.45
PUR-ORD-2023-00564,ANDERSON0001,2021-05-29,21,34325.11,32608.85
PUR-ORD-2023-00563,ILLINOIS0001,2022-07-21,45,40800.62,38760.58
PUR-ORD-2023-00562,PROSE0001,2022-07-19,45,50779.67,48240.69
PUR-ORD-2023-00561,BUSINESS0001,2021-03-24,31,44142.64,41494.08
PUR-ORD-2023-00560,INTEGRAT0001,2021-02-26,29,15167.91,14106.16
PUR-ORD-2023-00559,ELECTRON0002,2022-07-18,52,49630.65,47149.12
PUR-ORD-2023-00558,LITWARE0001,2021-01-06,29,16770.22,15428.6
PUR-ORD-2023-00557,ILLINOIS0001,2021-02-07,27,18500.08,16835.07
PUR-ORD-2023-00556,ADATUM0001,2022-07-15,54,47581.08,45202.04
PUR-ORD-2023-00555,ILLINOIS0001,2021-01-10,23,18250.02,16425.02
PUR-ORD-2023-00554,ANDERSON0001,2019-09-04,19,24964.49,22717.68
PUR-ORD-2023-00553,INTERNAT0001,2021-01-04,32,30628.28,27565.44
PUR-ORD-2023-00552,TREYRE0001,2022-07-14,84,34159.23,32451.26
PUR-ORD-2023-00551,ILLINOIS0001,2021-02-20,15,19912.85,18120.69
PUR-ORD-2023-00550,PROSE0001,2021-02-10,30,41355.07,38046.66
PUR-ORD-2023-00549,ANDERSON0001,2019-08-04,7,4255.81,4255.81
PUR-ORD-2023-00548,ELECTRON0001,2019-07-04,15,9058.99,8153.08
PUR-ORD-2023-00547,ELECTRON0002,2021-02-01,17,27313.3,25401.37
PUR-ORD-2023-00546,TREYRE0001,2022-07-13,104,40775.97,38737.18
PUR-ORD-2023-00545,PROSE0001,2021-01-13,21,37043.57,34820.96
PUR-ORD-2023-00544,ANDERSON0001,2019-06-04,9,6087.02,5600.06
PUR-ORD-2023-00543,BUSINESS0001,2019-05-04,9,8336.51,7586.23
PUR-ORD-2023-00542,ELECTRON0002,2021-01-01,23,54433.17,47901.18
PUR-ORD-2023-00541,SUPERSAL0001,2022-07-11,42,62707.47,59572.1
PUR-ORD-2023-00540,ANDERSON0001,2019-04-04,14,13623.29,12397.2
PUR-ORD-2023-00539,ADATUM0001,2020-05-08,30,13837.81,13145.9
PUR-ORD-2023-00538,INTERNAT0001,2019-03-04,7,3454.75,3454.75
PUR-ORD-2023-00537,INTERNAT0001,2019-02-04,12,5064.35,4659.2
PUR-ORD-2023-00536,LITWARE0001,2022-07-07,45,19480.95,18896.53
PUR-ORD-2023-00535,INTERNAT0001,2019-01-04,15,4943.58,4597.52
PUR-ORD-2023-00534,INTEGRAT0001,2022-07-06,29,53598.68,50918.74
PUR-ORD-2023-00533,BUSINESS0001,2019-11-21,19,2665.43,2665.43
PUR-ORD-2023-00532,ELECTRON0001,2022-07-04,43,26752.83,25415.18
PUR-ORD-2023-00531,BUSINESS0001,2019-10-16,17,1853.54,1853.54
PUR-ORD-2023-00530,BUSINESS0001,2019-08-01,22,1941.2,1941.2
PUR-ORD-2023-00529,ANDERSON0001,2019-07-23,31,2038.31,2038.31
PUR-ORD-2023-00528,ANDERSON0001,2022-07-01,39,32786.12,31146.81
PUR-ORD-2023-00527,INTERNAT0001,2019-06-19,13,2428.39,2428.39
PUR-ORD-2023-00526,BUSINESS0001,2019-05-22,10,14830.48,13644.04
PUR-ORD-2023-00525,BUSINESS0001,2022-06-30,59,36111.47,34305.9
PUR-ORD-2023-00524,INTEGRAT0001,2019-04-24,32,1617.56,1617.56
PUR-ORD-2023-00523,ELECTRON0001,2019-03-20,16,2035.45,2035.45
PUR-ORD-2023-00522,BUSINESS0001,2019-02-14,29,2268.86,2268.86
PUR-ORD-2023-00521,INTERNAT0001,2022-06-29,44,55513.34,52737.68
PUR-ORD-2023-00520,ILLINOIS0001,2022-06-27,43,43598.5,41418.57
PUR-ORD-2023-00519,ILLINOIS0001,2019-01-09,19,2731.62,2731.62
PUR-ORD-2023-00518,PROSE0001,2022-06-23,49,41301.87,39236.77
PUR-ORD-2023-00517,ELECTRON0002,2022-06-22,29,32872.06,31228.47
PUR-ORD-2023-00516,TREYRE0001,2022-06-20,47,31192.62,29632.99
PUR-ORD-2023-00515,TREYRE0001,2022-06-17,43,20601.83,20189.79
PUR-ORD-2023-00514,SUPERSAL0001,2022-06-16,48,45379.19,43110.24
PUR-ORD-2023-00513,INTEGRAT0001,2022-06-15,33,47545.95,45168.65
PUR-ORD-2023-00512,ADATUM0001,2021-06-17,65,27237.65,26420.51
PUR-ORD-2023-00511,ANDERSON0001,2022-06-10,28,24570.6,23587.78
PUR-ORD-2023-00510,INTEGRAT0001,2021-04-20,34,87621.55,81488.04
PUR-ORD-2023-00509,BUSINESS0001,2022-06-09,45,39155.48,37197.72
PUR-ORD-2023-00508,INTERNAT0001,2022-06-07,35,17763.34,17408.07
PUR-ORD-2023-00507,ADATUM0001,2021-11-05,94,9266.76,8618.09
PUR-ORD-2023-00506,PROSE0001,2022-06-06,45,33838.13,32146.24
PUR-ORD-2023-00505,ILLINOIS0001,2021-07-13,84,8541.36,7943.47
PUR-ORD-2023-00504,BUSINESS0001,2021-05-27,26,59369.95,56401.45
PUR-ORD-2023-00503,ELECTRON0002,2022-06-03,60,21419.73,20991.34
PUR-ORD-2023-00502,INTERNAT0001,2021-01-19,25,57225.55,54364.27
PUR-ORD-2023-00501,ADATUM0001,2022-06-01,37,72785.53,69146.26
PUR-ORD-2023-00500,TREYRE0001,2022-05-31,48,26151.93,25105.85
PUR-ORD-2023-00499,SUPERSAL0001,2022-05-27,38,48668.36,46234.95
PUR-ORD-2023-00498,INTEGRAT0001,2022-05-26,60,38661.95,36728.86
PUR-ORD-2023-00497,ELECTRON0001,2022-05-24,55,7677.25,7523.71
PUR-ORD-2023-00496,ELECTRON0001,2022-05-20,73,34230.06,32518.55
PUR-ORD-2023-00495,ANDERSON0001,2022-05-19,64,37691.65,35807.06
PUR-ORD-2023-00494,BUSINESS0001,2022-05-18,50,15037.75,14737
PUR-ORD-2023-00493,INTERNAT0001,2022-05-16,62,34603.65,32873.45
PUR-ORD-2023-00492,ILLINOIS0001,2022-05-13,29,21108.75,20686.57
PUR-ORD-2023-00491,ELECTRON0002,2022-05-12,33,39197.31,37237.44
PUR-ORD-2023-00490,PROSE0001,2022-05-11,23,32694.23,31059.52
PUR-ORD-2023-00489,INTERNAT0001,2019-12-10,10,8903.12,8279.9
PUR-ORD-2023-00488,ELECTRON0002,2019-11-21,14,14648.55,13476.66
PUR-ORD-2023-00487,ILLINOIS0001,2019-10-17,9,10470.39,9632.76
PUR-ORD-2023-00486,ELECTRON0002,2019-09-03,31,1861.05,1805.22
PUR-ORD-2023-00485,INTERNAT0001,2020-02-05,50,29405.32,26464.79
PUR-ORD-2023-00484,ADATUM0001,2020-01-09,40,26066.63,23459.97
PUR-ORD-2023-00483,BUSINESS0001,2020-09-17,12,10504.85,9874.56
PUR-ORD-2023-00482,ILLINOIS0001,2020-09-02,25,25438.65,22894.79
PUR-ORD-2023-00481,ELECTRON0002,2019-08-15,9,2257.04,2257.04
PUR-ORD-2023-00480,BUSINESS0001,2020-04-06,19,30328.78,27295.9
PUR-ORD-2023-00479,ADATUM0001,2020-05-16,15,24367.64,21930.88
PUR-ORD-2023-00478,BUSINESS0001,2020-08-12,12,24282.84,21854.56
PUR-ORD-2023-00477,INTERNAT0001,2020-06-12,19,32625.3,29362.77
PUR-ORD-2023-00476,ELECTRON0001,2020-01-07,23,10390.32,9559.1
PUR-ORD-2023-00475,INTEGRAT0001,2020-10-14,87,5380.17,5111.15
PUR-ORD-2023-00474,ADATUM0001,2020-12-15,40,10401,9776.94
PUR-ORD-2023-00473,PROSE0001,2020-01-12,167,8792.78,7913.5
PUR-ORD-2023-00472,INTERNAT0001,2020-09-30,166,10906.71,10252.31
PUR-ORD-2023-00471,BUSINESS0001,2020-02-21,84,8039.31,7637.35
PUR-ORD-2023-00470,ILLINOIS0001,2020-01-01,128,73379.88,64574.29
PUR-ORD-2023-00469,INTERNAT0001,2020-06-13,119,7322.04,6955.93
PUR-ORD-2023-00468,ANDERSON0001,2020-05-12,111,11858.28,11028.2
PUR-ORD-2023-00467,BUSINESS0001,2020-06-17,122,10207.52,9697.15
PUR-ORD-2023-00466,ILLINOIS0001,2020-05-06,28,13479.72,12805.74
PUR-ORD-2023-00465,ELECTRON0002,2020-03-07,41,21930.75,19737.67
PUR-ORD-2023-00464,PROSE0001,2020-02-15,37,20929.2,19464.16
PUR-ORD-2023-00463,ADATUM0001,2020-01-06,28,16647.58,15315.78
PUR-ORD-2023-00462,BUSINESS0001,2020-01-23,32,19046.44,17332.27
PUR-ORD-2023-00461,INTERNAT0001,2021-01-20,88,38295.56,36380.78
PUR-ORD-2023-00460,ELECTRON0002,2021-11-03,34,87621.55,81488.04
PUR-ORD-2023-00459,ELECTRON0002,2020-11-25,43,25660.89,23094.8
PUR-ORD-2023-00458,ADATUM0001,2021-12-04,50,31450.27,30506.77
PUR-ORD-2023-00457,INTERNAT0001,2021-11-24,140,56361.24,52415.97
PUR-ORD-2023-00456,PROSE0001,2020-01-10,23,14044.19,12639.78
PUR-ORD-2023-00455,ELECTRON0001,2021-02-03,52,25542.8,24265.67
PUR-ORD-2023-00454,BUSINESS0001,2021-11-26,71,5827.23,5652.42
PUR-ORD-2023-00453,LITWARE0001,2021-04-30,83,34060.52,34060.52
PUR-ORD-2023-00452,BUSINESS0001,2021-09-22,71,5827.23,5652.42
PUR-ORD-2023-00451,LITWARE0001,2021-09-27,50,31450.27,30506.77
PUR-ORD-2023-00450,LITWARE0001,2021-03-17,47,29575.38,28688.11
PUR-ORD-2023-00449,ADATUM0001,2020-03-07,29,17612.64,16379.75
PUR-ORD-2023-00448,ANDERSON0001,2021-04-20,49,24501.38,23766.33
PUR-ORD-2023-00447,INTERNAT0001,2020-02-01,33,20622.28,18766.26
PUR-ORD-2023-00446,BUSINESS0001,2020-01-22,20,16616.18,14954.56
PUR-ORD-2023-00445,ANDERSON0001,2020-08-29,19,17645.11,16233.5
PUR-ORD-2023-00444,BUSINESS0001,2020-04-05,12,13175.52,12253.24
PUR-ORD-2023-00443,LITWARE0001,2020-10-13,18,21774.63,20468.15
PUR-ORD-2023-00442,ILLINOIS0001,2020-08-22,34,22948,21112.16
PUR-ORD-2023-00441,ADATUM0001,2020-06-17,29,15818.57,15027.63
PUR-ORD-2023-00440,ANDERSON0001,2020-01-26,26,6322.8,5943.43
PUR-ORD-2023-00439,PROSE0001,2020-06-12,46,11475.56,10557.51
PUR-ORD-2023-00438,ANDERSON0001,2021-06-01,24,61340.95,57047.08
PUR-ORD-2023-00437,ELECTRON0001,2020-09-25,25,5640.33,5132.7
PUR-ORD-2023-00436,ANDERSON0001,2021-10-12,24,61340.95,57047.08
PUR-ORD-2023-00435,INTERNAT0001,2020-09-25,126,30235.35,27211.81
PUR-ORD-2023-00434,ELECTRON0002,2021-12-03,102,20795.06,19755.3
PUR-ORD-2023-00433,ELECTRON0002,2021-08-13,90,18310.1,17394.59
PUR-ORD-2023-00432,INTERNAT0001,2020-04-06,43,13473.24,12125.9
PUR-ORD-2023-00431,ADATUM0001,2020-12-17,39,13629.83,12675.74
PUR-ORD-2023-00430,INTERNAT0001,2020-10-28,28,10416.49,9895.67
PUR-ORD-2023-00429,BUSINESS0001,2020-08-12,39,17500.05,15750.04
PUR-ORD-2023-00428,ANDERSON0001,2020-07-02,22,12753.52,11988.31
PUR-ORD-2023-00427,INTERNAT0001,2020-10-18,18,11122.94,10010.65
PUR-ORD-2023-00426,PROSE0001,2020-11-18,16,9668.8,8701.92
PUR-ORD-2023-00425,INTERNAT0001,2020-02-16,25,14889.53,13847.27
PUR-ORD-2023-00424,PROSE0001,2020-09-08,27,15731.94,14945.35
PUR-ORD-2023-00423,INTEGRAT0001,2020-01-06,17,10863.02,9993.97
PUR-ORD-2023-00422,PROSE0001,2020-12-10,44,27480.43,24732.39
PUR-ORD-2023-00421,ADATUM0001,2020-06-08,25,17225.93,15847.86
PUR-ORD-2023-00420,INTEGRAT0001,2020-05-22,27,18866.13,17545.5
PUR-ORD-2023-00419,ANDERSON0001,2020-01-13,19,17353.54,16312.33
PUR-ORD-2023-00418,PROSE0001,2020-03-23,19,29128.7,26507.11
PUR-ORD-2023-00417,INTERNAT0001,2020-11-18,16,37491.87,34492.52
PUR-ORD-2023-00416,ELECTRON0001,2019-06-11,12,2823.62,2823.62
PUR-ORD-2023-00415,ELECTRON0002,2020-04-05,20,58019.27,52217.34
PUR-ORD-2023-00414,BUSINESS0001,2020-07-10,30,18648.45,17343.06
PUR-ORD-2023-00413,PROSE0001,2020-08-27,31,21835.75,20307.25
PUR-ORD-2023-00412,ADATUM0001,2020-01-29,34,29772.73,27688.64
PUR-ORD-2023-00411,BUSINESS0001,2020-02-27,29,29480.47,27711.63
PUR-ORD-2023-00410,ELECTRON0001,2020-08-24,23,32893.78,31249.09
PUR-ORD-2023-00409,PROSE0001,2020-06-23,20,32278.02,29050.21
PUR-ORD-2023-00408,PROSE0001,2020-05-25,16,25675.43,23621.39
PUR-ORD-2023-00407,ELECTRON0002,2020-04-23,18,34526.7,32109.83
PUR-ORD-2023-00406,ILLINOIS0001,2020-12-12,27,33412.4,31407.66
PUR-ORD-2023-00405,ADATUM0001,2020-09-15,24,11119.42,10563.45
PUR-ORD-2023-00404,LITWARE0001,2019-04-17,19,4531,4304.46
PUR-ORD-2023-00403,ELECTRON0002,2019-03-12,11,2994.92,2994.92
PUR-ORD-2023-00402,ILLINOIS0001,2019-01-16,14,4400.44,4400.44
PUR-ORD-2023-00401,BUSINESS0001,2019-05-15,9,3075.64,3075.64
PUR-ORD-2023-00400,BUSINESS0001,2019-11-20,18,6936.38,6242.75
PUR-ORD-2023-00399,ELECTRON0002,2019-06-19,10,4495.28,4135.66
PUR-ORD-2023-00398,ANDERSON0001,2019-09-11,5,2360.67,2360.67
PUR-ORD-2023-00397,ILLINOIS0001,2019-09-10,5,3207.24,3207.24
PUR-ORD-2023-00396,PROSE0001,2019-05-16,9,5094.43,4635.93
PUR-ORD-2023-00395,INTEGRAT0001,2020-01-04,29,15324.35,14558.13
PUR-ORD-2023-00394,PROSE0001,2022-05-09,50,45778.12,43489.22
PUR-ORD-2023-00393,ELECTRON0002,2022-05-06,35,32483.33,30859.16
PUR-ORD-2023-00392,ILLINOIS0001,2022-05-04,48,22958.97,22499.79
PUR-ORD-2023-00391,ANDERSON0001,2020-02-12,28,17325.03,15592.52
PUR-ORD-2023-00390,ADATUM0001,2022-05-03,45,17166.46,16823.12
PUR-ORD-2023-00389,INTEGRAT0001,2020-01-02,21,15150.26,14241.24
PUR-ORD-2023-00388,ELECTRON0002,2022-04-29,44,62773.28,59634.62
PUR-ORD-2023-00387,INTEGRAT0001,2022-04-27,44,51344,48776.8
PUR-ORD-2023-00386,ANDERSON0001,2022-04-25,37,33417.23,31746.38
PUR-ORD-2023-00385,LITWARE0001,2022-04-22,35,41743.38,39656.23
PUR-ORD-2023-00384,BUSINESS0001,2022-04-20,52,30544.42,29017.2
PUR-ORD-2023-00383,PROSE0001,2022-04-18,50,18159.36,17796.18
PUR-ORD-2023-00382,ELECTRON0002,2022-04-14,41,39483.68,37509.49
PUR-ORD-2023-00381,ILLINOIS0001,2022-04-12,35,27554.39,26176.68
PUR-ORD-2023-00380,ADATUM0001,2022-04-08,48,48910.52,46465.01
PUR-ORD-2023-00379,TREYRE0001,2022-04-06,54,23698.84,22987.88
PUR-ORD-2023-00378,SUPERSAL0001,2022-04-04,58,37316.24,35450.43
PUR-ORD-2023-00377,ANDERSON0001,2022-03-31,18,44285.26,42070.99
PUR-ORD-2023-00376,BUSINESS0001,2022-03-30,28,40201.5,38191.43
PUR-ORD-2023-00375,INTERNAT0001,2022-03-28,22,20091.46,19689.63
PUR-ORD-2023-00374,ELECTRON0001,2022-03-25,34,26885.08,26078.53
PUR-ORD-2023-00373,PROSE0001,2022-03-23,32,29570.73,28092.18
PUR-ORD-2023-00372,ELECTRON0002,2022-03-22,35,36534.66,34707.92
PUR-ORD-2023-00371,ILLINOIS0001,2022-03-18,19,44206.22,41995.91
PUR-ORD-2023-00370,ADATUM0001,2022-03-15,36,51721.74,49135.65
PUR-ORD-2023-00369,TREYRE0001,2022-03-14,57,28172.15,27045.26
PUR-ORD-2023-00368,SUPERSAL0001,2022-03-11,85,31071.6,29518.01
PUR-ORD-2023-00367,INTEGRAT0001,2022-03-09,71,36133.79,34327.1
PUR-ORD-2023-00366,INTEGRAT0001,2022-03-07,33,16067.62,15746.26
PUR-ORD-2023-00365,ANDERSON0001,2022-03-02,50,12398.15,12150.18
PUR-ORD-2023-00364,LITWARE0001,2022-03-01,40,24951.25,23953.2
PUR-ORD-2023-00363,LITWARE0001,2022-02-25,48,19565.51,19174.2
PUR-ORD-2023-00362,BUSINESS0001,2022-02-23,36,30394.1,28874.39
PUR-ORD-2023-00361,INTERNAT0001,2022-02-21,45,34770.9,33032.36
PUR-ORD-2023-00360,ELECTRON0001,2022-02-17,80,20946.03,20317.65
PUR-ORD-2023-00359,ELECTRON0002,2022-02-15,33,35595.36,33815.59
PUR-ORD-2023-00358,ELECTRON0002,2022-02-11,30,35984.83,34185.6
PUR-ORD-2023-00357,PROSE0001,2022-02-10,32,21781.35,21127.91
PUR-ORD-2023-00356,ILLINOIS0001,2022-02-09,58,30019.41,28518.43
PUR-ORD-2023-00355,ADATUM0001,2022-02-07,69,28958.31,27510.4
PUR-ORD-2023-00354,TREYRE0001,2022-02-04,88,29169.67,27711.18
PUR-ORD-2023-00353,INTERNAT0001,2019-12-07,18,27891.66,25102.5
PUR-ORD-2023-00352,PROSE0001,2019-01-12,17,39932.98,36339.01
PUR-ORD-2023-00351,ILLINOIS0001,2019-09-09,14,37560.68,35307.04
PUR-ORD-2023-00350,ADATUM0001,2019-10-04,28,14192.53,13199.05
PUR-ORD-2023-00349,SUPERSAL0001,2022-02-03,39,18198.53,17470.58
PUR-ORD-2023-00348,INTEGRAT0001,2022-01-31,50,17972.5,17613.04
PUR-ORD-2023-00347,ANDERSON0001,2022-01-28,30,10987.83,10768.07
PUR-ORD-2023-00346,LITWARE0001,2022-01-25,26,25551.79,24529.72
PUR-ORD-2023-00345,BUSINESS0001,2022-01-21,27,15999.69,15679.71
PUR-ORD-2023-00344,INTERNAT0001,2022-01-19,49,12246.67,12001.75
PUR-ORD-2023-00343,ELECTRON0001,2022-01-17,34,24266.71,23053.36
PUR-ORD-2023-00342,PROSE0001,2022-01-13,19,35962.75,34164.61
PUR-ORD-2023-00341,ELECTRON0002,2022-01-11,35,12069.07,11707.01
PUR-ORD-2023-00340,ILLINOIS0001,2022-01-06,23,14401.54,13681.46
PUR-ORD-2023-00339,LITWARE0001,2019-03-04,13,24289.63,22832.25
PUR-ORD-2023-00338,ELECTRON0001,2019-09-08,16,41061.82,37366.25
PUR-ORD-2023-00337,INTERNAT0001,2019-12-11,31,62244.04,57264.52
PUR-ORD-2023-00336,LITWARE0001,2019-03-07,28,15090.9,14034.54
PUR-ORD-2023-00335,ANDERSON0001,2019-08-14,42,26242.15,24667.61
PUR-ORD-2023-00334,BUSINESS0001,2019-01-01,36,26579.31,25250.34
PUR-ORD-2023-00333,BUSINESS0001,2019-09-03,31,30547.28,28714.44
PUR-ORD-2023-00332,BUSINESS0001,2021-01-21,170,34019.79,32318.81
PUR-ORD-2023-00331,ILLINOIS0001,2021-02-26,136,54584.03,48033.95
PUR-ORD-2023-00330,INTERNAT0001,2019-08-08,16,20599.45,19569.48
PUR-ORD-2023-00329,ANDERSON0001,2021-10-27,88,24245.97,23033.67
PUR-ORD-2023-00328,INTERNAT0001,2021-03-21,140,56361.24,52415.97
PUR-ORD-2023-00327,ADATUM0001,2021-11-01,125,21252.66,20190.02
PUR-ORD-2023-00326,ELECTRON0002,2019-07-15,20,38548.2,36620.79
PUR-ORD-2023-00325,ELECTRON0001,2021-11-24,108,57263.81,53255.35
PUR-ORD-2023-00324,ELECTRON0002,2019-06-11,23,19883.57,18094.06
PUR-ORD-2023-00323,LITWARE0001,2021-11-25,53,90927.15,80925.17
PUR-ORD-2023-00322,INTERNAT0001,2021-07-14,55,64933.04,58439.74
PUR-ORD-2023-00321,PROSE0001,2019-05-08,23,10521.47,9679.75
PUR-ORD-2023-00320,ILLINOIS0001,2019-04-01,134,20034.97,18632.52
PUR-ORD-2023-00319,INTEGRAT0001,2021-05-19,79,16696.88,15528.09
PUR-ORD-2023-00318,INTEGRAT0001,2021-09-15,79,16696.88,15528.09
PUR-ORD-2023-00317,ADATUM0001,2019-03-04,36,18897.22,17763.39
PUR-ORD-2023-00316,ELECTRON0002,2019-02-05,35,19354.79,18387.04
PUR-ORD-2023-00315,BUSINESS0001,2021-04-10,80,6778.12,6574.77
PUR-ORD-2023-00314,INTEGRAT0001,2019-01-13,30,86760,77216.4
PUR-ORD-2023-00313,ANDERSON0001,2021-02-25,66,50378.51,50378.51
PUR-ORD-2023-00312,INTEGRAT0001,2019-04-19,118,14956.52,13759.99
PUR-ORD-2023-00311,PROSE0001,2019-11-07,34,29213.05,27752.4
PUR-ORD-2023-00310,BUSINESS0001,2019-09-10,25,22983.59,20685.22
PUR-ORD-2023-00309,INTEGRAT0001,2021-08-18,37,40973.2,38105.08
PUR-ORD-2023-00308,PROSE0001,2019-12-13,29,63213.81,55628.16
PUR-ORD-2023-00307,ILLINOIS0001,2019-12-03,25,21784.56,19606.11
PUR-ORD-2023-00306,ELECTRON0001,2019-11-07,15,15839.79,14255.81
PUR-ORD-2023-00305,ANDERSON0001,2021-07-19,26,17409.34,16887.06
PUR-ORD-2023-00304,BUSINESS0001,2020-11-18,153,31895.29,30300.54
PUR-ORD-2023-00303,ADATUM0001,2021-01-20,120,39232.18,36485.93
PUR-ORD-2023-00302,PROSE0001,2021-05-11,148,13651.86,13242.3
PUR-ORD-2023-00301,ANDERSON0001,2019-11-05,15,22118.19,20127.55
PUR-ORD-2023-00300,INTEGRAT0001,2019-08-06,29,16396.6,15576.77
PUR-ORD-2023-00299,ADATUM0001,2019-09-12,17,21507.37,20432
PUR-ORD-2023-00298,ELECTRON0001,2019-08-02,43,61150.63,55035.57
PUR-ORD-2023-00297,ELECTRON0002,2019-05-06,37,36255.89,34080.54
PUR-ORD-2023-00296,PROSE0001,2019-10-16,47,55064.21,51209.71
PUR-ORD-2023-00295,LITWARE0001,2019-03-08,32,29019.01,26117.1
PUR-ORD-2023-00294,ADATUM0001,2022-01-03,11,2213.78,2169.51
PUR-ORD-2023-00293,PROSE0001,2019-06-12,37,27883.08,26488.92
PUR-ORD-2023-00292,LITWARE0001,2019-06-10,18,30236.08,27212.46
PUR-ORD-2023-00291,ANDERSON0001,2019-05-06,84,31176.6,28994.23
PUR-ORD-2023-00290,BUSINESS0001,2019-04-01,42,47330.94,42597.84
PUR-ORD-2023-00289,INTEGRAT0001,2019-03-02,90,30592.16,29062.55
PUR-ORD-2023-00288,BUSINESS0001,2021-07-22,196,12383.08,11763.93
PUR-ORD-2023-00287,INTEGRAT0001,2021-05-03,43,92414.78,83173.3
PUR-ORD-2023-00286,INTEGRAT0001,2021-12-08,43,92414.78,83173.3
PUR-ORD-2023-00285,ILLINOIS0001,2021-09-17,32,47672.73,45289.1
PUR-ORD-2023-00284,ANDERSON0001,2021-04-12,109,32426.74,30805.4
PUR-ORD-2023-00283,ILLINOIS0001,2021-01-13,62,39450.49,36688.97
PUR-ORD-2023-00282,ELECTRON0001,2021-02-25,197,99308.78,89377.91
PUR-ORD-2023-00281,INTERNAT0001,2021-08-03,46,118384.31,102994.35
PUR-ORD-2023-00280,ANDERSON0001,2021-03-17,54,35538.38,33761.46
PUR-ORD-2023-00279,ELECTRON0001,2019-05-15,7,3936.28,3936.28
PUR-ORD-2023-00278,ADATUM0001,2021-10-11,227,45964.48,42746.96
PUR-ORD-2023-00277,INTEGRAT0001,2021-06-09,56,32247.99,29345.67
PUR-ORD-2023-00276,LITWARE0001,2021-05-29,87,54102.9,48692.6
PUR-ORD-2023-00275,PROSE0001,2019-04-17,10,6163.04,5669.99
PUR-ORD-2023-00274,INTERNAT0001,2019-09-11,6,3345.39,3345.39
PUR-ORD-2023-00273,ANDERSON0001,2019-09-19,10,6404.71,5764.24
PUR-ORD-2023-00272,BUSINESS0001,2019-02-17,5,3019.04,3019.04
PUR-ORD-2023-00271,INTERNAT0001,2021-05-20,71,101909.65,91718.68
PUR-ORD-2023-00270,ANDERSON0001,2019-11-19,11,6953.15,6327.36
PUR-ORD-2023-00269,INTERNAT0001,2019-06-11,10,6196.61,5638.92
PUR-ORD-2023-00268,ANDERSON0001,2021-11-17,189,11644.59,11469.91
PUR-ORD-2023-00267,ELECTRON0002,2019-08-11,6,4376.46,4376.46
PUR-ORD-2023-00266,ANDERSON0001,2021-07-20,100,29537.17,28060.31
PUR-ORD-2023-00265,ILLINOIS0001,2021-06-16,145,53881.59,50109.9
PUR-ORD-2023-00264,BUSINESS0001,2021-01-25,73,41206.04,39145.74
PUR-ORD-2023-00263,LITWARE0001,2021-11-23,162,15839.3,15364.12
PUR-ORD-2023-00262,LITWARE0001,2021-02-08,162,15839.3,15364.12
PUR-ORD-2023-00261,PROSE0001,2021-10-11,74,33528.74,32522.88
PUR-ORD-2023-00260,ADATUM0001,2021-07-27,348,26594.73,25265
PUR-ORD-2023-00259,ELECTRON0002,2021-08-11,61,8766.31,8503.31
PUR-ORD-2023-00258,ILLINOIS0001,2021-03-09,87,24938.93,24190.76
PUR-ORD-2023-00257,ELECTRON0002,2019-08-10,8,15355.77,13820.19
PUR-ORD-2023-00256,ELECTRON0002,2019-01-10,5,2423.72,2423.72
PUR-ORD-2023-00255,INTEGRAT0001,2021-07-05,63,46920.68,44574.63
PUR-ORD-2023-00254,ADATUM0001,2021-10-04,132,39685.54,36907.55
PUR-ORD-2023-00253,ADATUM0001,2021-06-16,348,26594.73,25265
PUR-ORD-2023-00252,INTEGRAT0001,2021-04-19,149,41225.68,38339.89
PUR-ORD-2023-00251,ADATUM0001,2021-05-05,76,43904.97,39514.47
PUR-ORD-2023-00250,ELECTRON0001,2019-08-15,11,16611.31,14784.06
PUR-ORD-2023-00249,LITWARE0001,2019-12-09,9,4634.32,4356.26
PUR-ORD-2023-00248,INTERNAT0001,2019-08-22,6,3171.8,3171.8
PUR-ORD-2023-00247,ELECTRON0002,2019-12-10,9,5456.37,4965.29
PUR-ORD-2023-00246,ELECTRON0001,2019-10-14,6,3597.48,3597.48
PUR-ORD-2023-00245,ILLINOIS0001,2019-09-11,9,6432.86,5853.91
PUR-ORD-2023-00244,ELECTRON0001,2019-08-02,9,7917.56,7204.98
PUR-ORD-2023-00243,PROSE0001,2019-06-14,5,4995.15,4695.45
PUR-ORD-2023-00242,PROSE0001,2019-04-08,5,6230.93,5857.07
PUR-ORD-2023-00241,PROSE0001,2019-03-07,5,7630.79,7096.63
PUR-ORD-2023-00240,PROSE0001,2019-02-13,5,8201.55,7545.42
PUR-ORD-2023-00239,PROSE0001,2019-01-10,5,8170.01,7761.5
PUR-ORD-2023-00238,PROSE0001,2019-12-05,10,18491.12,17011.83
PUR-ORD-2023-00237,ELECTRON0002,2019-11-06,5,10064.19,9560.98
PUR-ORD-2023-00236,BUSINESS0001,2019-11-05,9,8860.57,8506.15
PUR-ORD-2023-00235,ELECTRON0001,2021-04-28,128,46609.52,44279.03
PUR-ORD-2023-00234,INTERNAT0001,2021-04-21,204,78175.37,68794.33
PUR-ORD-2023-00233,PROSE0001,2019-10-09,13,5981.61,5682.53
PUR-ORD-2023-00232,ILLINOIS0001,2021-06-02,136,54584.03,48033.95
PUR-ORD-2023-00231,PROSE0001,2019-09-10,7,867.72,867.72
PUR-ORD-2023-00230,LITWARE0001,2021-03-22,70,80411.76,73978.82
PUR-ORD-2023-00229,ELECTRON0001,2019-09-11,11,6407.25,6407.25
PUR-ORD-2023-00228,PROSE0001,2021-02-15,152,120398.82,96319.06
PUR-ORD-2023-00227,ILLINOIS0001,2021-01-15,149,38431.54,35741.33
PUR-ORD-2023-00226,ELECTRON0002,2021-01-19,94,41480.84,39406.8
PUR-ORD-2023-00225,PROSE0001,2021-06-09,127,88016.86,70413.49
PUR-ORD-2023-00224,LITWARE0001,2021-03-24,127,70670.27,56536.21
PUR-ORD-2023-00223,ANDERSON0001,2021-08-11,72,85664.94,76241.79
PUR-ORD-2023-00222,ANDERSON0001,2021-02-22,72,85664.94,76241.79
PUR-ORD-2023-00221,ILLINOIS0001,2019-08-06,16,5160.69,5160.69
PUR-ORD-2023-00220,INTEGRAT0001,2021-05-26,140,50294.77,42750.56
PUR-ORD-2023-00219,ELECTRON0001,2021-02-10,50,20949.08,20320.61
PUR-ORD-2023-00218,ILLINOIS0001,2021-05-10,110,125036.3,106280.86
PUR-ORD-2023-00217,INTERNAT0001,2020-03-17,216,128184.59,102547.67
PUR-ORD-2023-00216,ADATUM0001,2021-03-10,75,32002.43,30402.3
PUR-ORD-2023-00215,ELECTRON0002,2021-01-20,98,39993.6,35994.23
PUR-ORD-2023-00214,BUSINESS0001,2019-07-03,14,8919.2,8919.2
PUR-ORD-2023-00213,ELECTRON0001,2019-06-07,9,13046.2,13046.2
PUR-ORD-2023-00212,INTERNAT0001,2021-02-09,216,128184.59,102547.67
PUR-ORD-2023-00211,ELECTRON0002,2019-05-08,11,8854.16,8854.16
PUR-ORD-2023-00210,ADATUM0001,2021-02-09,75,32002.43,30402.3
PUR-ORD-2023-00209,ELECTRON0002,2021-01-29,98,39993.6,35994.23
PUR-ORD-2023-00208,BUSINESS0001,2021-01-11,182,61483.44,52260.94
PUR-ORD-2023-00207,BUSINESS0001,2019-04-04,10,6023.2,6023.2
PUR-ORD-2023-00206,ELECTRON0001,2019-02-02,18,1505.55,1505.55
PUR-ORD-2023-00205,ADATUM0001,2021-01-06,112,28146.77,26739.44
PUR-ORD-2023-00204,INTERNAT0001,2019-02-03,14,3592.28,3592.28
PUR-ORD-2023-00203,ANDERSON0001,2019-01-03,8,572.14,572.14
PUR-ORD-2023-00202,PROSE0001,2019-04-12,10,5735.55,5735.55
PUR-ORD-2023-00201,INTERNAT0001,2019-01-09,16,4253.54,4253.54
PUR-ORD-2023-00200,ILLINOIS0001,2019-06-04,13,8177.57,8177.57
PUR-ORD-2023-00199,PROSE0001,2019-02-08,8,5891.69,5891.69
PUR-ORD-2023-00198,ELECTRON0001,2021-01-04,80,43128.2,40971.79
PUR-ORD-2023-00197,PROSE0001,2019-06-03,10,5238.44,5238.44
PUR-ORD-2023-00196,ELECTRON0001,2019-10-02,7,1610.35,1610.35
PUR-ORD-2023-00195,LITWARE0001,2019-08-11,20,4768.29,4768.29
PUR-ORD-2023-00194,ILLINOIS0001,2021-01-04,42,25429.88,24158.38
PUR-ORD-2023-00193,INTERNAT0001,2020-12-29,216,128184.59,102547.67
PUR-ORD-2023-00192,ADATUM0001,2020-03-10,217,49584.92,46113.97
PUR-ORD-2023-00191,INTERNAT0001,2019-04-02,9,5806.13,5806.13
PUR-ORD-2023-00190,ADATUM0001,2020-10-31,217,49584.92,46113.97
PUR-ORD-2023-00189,INTEGRAT0001,2020-12-10,76,42848.86,40706.42
PUR-ORD-2023-00188,INTEGRAT0001,2020-11-24,76,42848.86,40706.42
PUR-ORD-2023-00187,ILLINOIS0001,2020-09-17,87,24938.93,24190.76
PUR-ORD-2023-00186,ELECTRON0002,2020-07-31,108,91760.38,80749.13
PUR-ORD-2023-00185,ADATUM0001,2020-05-13,158,30696.49,28547.74
PUR-ORD-2023-00184,ADATUM0001,2020-11-24,132,39685.54,36907.55
PUR-ORD-2023-00183,ELECTRON0001,2020-07-07,158,53551.88,42841.5
PUR-ORD-2023-00182,LITWARE0001,2019-05-10,9,4164.09,4164.09
PUR-ORD-2023-00181,ADATUM0001,2020-10-31,23,34975.87,33926.6
PUR-ORD-2023-00180,LITWARE0001,2020-11-13,127,70670.27,56536.21
PUR-ORD-2023-00179,PROSE0001,2020-12-03,74,33528.74,32522.88
PUR-ORD-2023-00178,PROSE0001,2020-08-08,74,33528.74,32522.88
PUR-ORD-2023-00177,ANDERSON0001,2019-12-11,15,10685.19,10685.19
PUR-ORD-2023-00176,ELECTRON0002,2020-09-29,41,42837.45,41552.33
PUR-ORD-2023-00175,ELECTRON0002,2020-11-10,41,42837.45,41552.33
PUR-ORD-2023-00174,LITWARE0001,2019-03-07,13,8747.84,8747.84
PUR-ORD-2023-00173,BUSINESS0001,2019-01-04,10,5326.05,5326.05
PUR-ORD-2023-00172,ADATUM0001,2019-09-03,15,25430.16,25430.16
PUR-ORD-2023-00171,ELECTRON0001,2019-03-02,11,7630.1,7630.1
PUR-ORD-2023-00170,ELECTRON0002,2019-10-03,12,7728.08,7728.08
PUR-ORD-2023-00169,INTERNAT0001,2019-04-04,22,38847.53,38847.53
PUR-ORD-2023-00168,ANDERSON0001,2019-02-06,13,6237.01,6237.01
PUR-ORD-2023-00167,ADATUM0001,2019-07-02,12,8437.72,8437.72
PUR-ORD-2023-00166,BUSINESS0001,2019-09-03,17,9184.12,9184.12
PUR-ORD-2023-00165,LITWARE0001,2019-08-14,16,15632.39,15632.39
PUR-ORD-2023-00164,ELECTRON0002,2019-04-09,5,3506.58,3506.58
PUR-ORD-2023-00163,ILLINOIS0001,2019-01-01,9,9225.06,9225.06
PUR-ORD-2023-00162,LITWARE0001,2019-05-06,9,6497.5,6497.5
PUR-ORD-2023-00161,LITWARE0001,2019-09-05,10,7197.56,7197.56
PUR-ORD-2023-00160,ADATUM0001,2023-11-20,4,2943.3,2943.3
PUR-ORD-2023-00159,INTERNAT0001,2020-12-28,216,128184.59,102547.67
PUR-ORD-2023-00158,INTEGRAT0001,2020-11-09,140,50294.77,42750.56
PUR-ORD-2023-00157,INTEGRAT0001,2020-10-12,149,41225.68,38339.89
PUR-ORD-2023-00156,ILLINOIS0001,2020-11-17,54,34636.92,32212.33
PUR-ORD-2023-00155,INTEGRAT0001,2020-10-23,45,28536.3,27680.21
PUR-ORD-2023-00154,ADATUM0001,2020-06-01,75,32002.43,30402.3
PUR-ORD-2023-00153,ELECTRON0002,2020-08-31,98,39993.6,35994.23
PUR-ORD-2023-00152,ILLINOIS0001,2020-04-15,87,24938.93,24190.76
PUR-ORD-2023-00151,ANDERSON0001,2020-06-22,189,11644.59,11469.91
PUR-ORD-2023-00150,INTEGRAT0001,2020-10-20,149,41225.68,38339.89
PUR-ORD-2023-00149,ADATUM0001,2020-08-07,75,32002.43,30402.3
PUR-ORD-2023-00148,INTERNAT0001,2020-12-01,216,128184.59,102547.67
PUR-ORD-2023-00147,INTERNAT0001,2020-09-04,216,128184.59,102547.67
PUR-ORD-2023-00146,INTERNAT0001,2020-09-30,99,84214.78,75793.3
PUR-ORD-2023-00145,INTERNAT0001,2020-11-10,99,84214.78,75793.3
PUR-ORD-2023-00144,ADATUM0001,2020-10-12,132,39685.54,36907.55
PUR-ORD-2023-00143,ELECTRON0001,2020-11-17,180,93789.05,84410.15
PUR-ORD-2023-00142,ELECTRON0002,2020-09-26,52,48283.51,43455.16
PUR-ORD-2023-00141,ELECTRON0002,2020-05-28,39,46949.45,42254.51
PUR-ORD-2023-00140,PROSE0001,2020-12-12,152,120398.82,96319.06
PUR-ORD-2023-00139,PROSE0001,2020-07-30,152,120398.82,96319.06
PUR-ORD-2023-00138,ADATUM0001,2020-08-21,227,45964.48,42746.96
PUR-ORD-2023-00137,LITWARE0001,2020-12-10,85,25119.6,23863.61
PUR-ORD-2023-00136,LITWARE0001,2020-11-30,85,25119.6,23863.61
PUR-ORD-2023-00135,ANDERSON0001,2020-05-08,26,17409.34,16887.06
PUR-ORD-2023-00134,BUSINESS0001,2020-07-16,182,61483.44,52260.94
PUR-ORD-2023-00133,BUSINESS0001,2020-10-20,182,61483.44,52260.94
PUR-ORD-2023-00132,ELECTRON0002,2020-08-31,61,96089.46,84558.73
PUR-ORD-2023-00131,ELECTRON0002,2020-09-25,61,96089.46,84558.73
PUR-ORD-2023-00130,ELECTRON0002,2020-08-24,52,44230.6,41134.46
PUR-ORD-2023-00129,ILLINOIS0001,2020-09-27,159,12411.95,12039.6
PUR-ORD-2023-00128,ILLINOIS0001,2020-11-10,159,12411.95,12039.6
PUR-ORD-2023-00127,BUSINESS0001,2020-09-16,182,61483.44,52260.94
PUR-ORD-2023-00126,ILLINOIS0001,2020-07-23,145,53881.59,50109.9
PUR-ORD-2023-00125,ILLINOIS0001,2020-08-15,110,125036.3,106280.86
PUR-ORD-2023-00124,ILLINOIS0001,2020-08-29,110,125036.3,106280.86
PUR-ORD-2023-00123,ADATUM0001,2020-12-09,75,32002.43,30402.3
PUR-ORD-2023-00122,INTERNAT0001,2020-05-18,82,48098.47,43769.61
PUR-ORD-2023-00121,INTERNAT0001,2020-09-08,82,48098.47,43769.61
PUR-ORD-2023-00120,PROSE0001,2020-12-02,142,7791.7,7557.95
PUR-ORD-2023-00119,PROSE0001,2020-10-19,142,7791.7,7557.95
PUR-ORD-2023-00118,ADATUM0001,2020-09-25,294,82350.56,72468.5
PUR-ORD-2023-00117,ADATUM0001,2020-11-06,294,82350.56,72468.5
PUR-ORD-2023-00116,ILLINOIS0001,2020-10-30,76,35680.25,33182.62
PUR-ORD-2023-00115,ILLINOIS0001,2020-04-13,76,35680.25,33182.62
PUR-ORD-2023-00114,LITWARE0001,2020-11-25,44,71624.04,63745.39
PUR-ORD-2023-00113,INTERNAT0001,2020-06-27,41,105743.4,91996.76
PUR-ORD-2023-00112,INTEGRAT0001,2020-04-21,63,23174.15,22478.92
PUR-ORD-2023-00111,ANDERSON0001,2020-08-12,75,85656.63,77090.96
PUR-ORD-2023-00110,INTERNAT0001,2020-07-13,60,58480.21,54386.6
PUR-ORD-2023-00109,ELECTRON0001,2020-04-15,43,33668.32,31984.9
PUR-ORD-2023-00108,ADATUM0001,2020-06-15,66,67984.93,63225.98
PUR-ORD-2023-00107,PROSE0001,2020-05-21,112,67825.2,63077.45
PUR-ORD-2023-00106,PROSE0001,2020-06-12,45,26017.32,26017.32
PUR-ORD-2023-00105,ILLINOIS0001,2020-10-20,98,57994.37,52194.94
PUR-ORD-2023-00104,ANDERSON0001,2020-11-02,54,35538.38,33761.46
PUR-ORD-2023-00103,LITWARE0001,2020-10-27,68,42851.71,41566.16
PUR-ORD-2023-00102,ILLINOIS0001,2020-07-09,27,28893.51,28893.51
PUR-ORD-2023-00101,INTEGRAT0001,2020-10-14,56,32247.99,29345.67
PUR-ORD-2023-00100,INTERNAT0001,2020-08-31,43,117335.38,100908.43
PUR-ORD-2023-00099,PROSE0001,2020-08-27,76,45983.72,42305.03
PUR-ORD-2023-00098,LITWARE0001,2020-09-14,53,34677.29,32943.43
PUR-ORD-2023-00097,LITWARE0001,2020-07-09,124,38959.12,36231.98
PUR-ORD-2023-00096,LITWARE0001,2020-07-10,76,19636.25,19047.17
PUR-ORD-2023-00095,BUSINESS0001,2020-05-21,51,52589.28,46278.56
PUR-ORD-2023-00094,ANDERSON0001,2020-09-02,100,29537.17,28060.31
PUR-ORD-2023-00093,ILLINOIS0001,2020-08-12,87,24241.48,23514.23
PUR-ORD-2023-00092,ADATUM0001,2020-07-27,76,43904.97,39514.47
PUR-ORD-2023-00091,ANDERSON0001,2020-08-18,219,23442.18,22738.92
PUR-ORD-2023-00090,ANDERSON0001,2020-07-13,207,39037.11,37085.25
PUR-ORD-2023-00089,ELECTRON0002,2020-09-09,52,44230.6,41134.46
PUR-ORD-2023-00088,LITWARE0001,2020-05-27,87,54102.9,48692.6
PUR-ORD-2023-00087,ELECTRON0002,2020-09-08,58,48406.59,45018.13
PUR-ORD-2023-00086,ADATUM0001,2020-08-18,73,62664.53,56398.09
PUR-ORD-2023-00085,LITWARE0001,2020-05-30,70,80411.76,73978.82
PUR-ORD-2023-00084,ELECTRON0002,2020-05-04,28,66573.49,61913.35
PUR-ORD-2023-00083,ELECTRON0002,2020-06-10,365,22716.95,22035.45
PUR-ORD-2023-00082,ELECTRON0002,2020-04-19,92,42820.9,40679.86
PUR-ORD-2023-00081,ILLINOIS0001,2020-05-19,145,53881.59,50109.9
PUR-ORD-2023-00080,ELECTRON0001,2020-05-21,313,26213.1,25426.71
PUR-ORD-2023-00079,ADATUM0001,2020-04-03,227,45964.48,42746.96
PUR-ORD-2023-00078,INTEGRAT0001,2020-05-08,45,28536.3,27680.21
PUR-ORD-2023-00077,ELECTRON0001,2020-08-25,121,57022.29,51890.29
PUR-ORD-2023-00076,PROSE0001,2020-08-12,52,47462.84,44140.45
PUR-ORD-2023-00075,ILLINOIS0001,2020-05-27,152,33167.31,31508.94
PUR-ORD-2023-00074,PROSE0001,2020-03-21,152,13608.12,13199.87
PUR-ORD-2023-00073,ADATUM0001,2020-04-25,44,69634.18,62670.76
PUR-ORD-2023-00072,BUSINESS0001,2020-04-22,153,31895.29,30300.54
PUR-ORD-2023-00071,INTERNAT0001,2020-04-14,71,101909.65,91718.68
PUR-ORD-2023-00070,INTEGRAT0001,2020-04-20,42,28394,27542.17
PUR-ORD-2023-00069,INTEGRAT0001,2020-05-04,63,46920.68,44574.63
PUR-ORD-2023-00068,PROSE0001,2020-05-13,41,30713.52,29792.11
PUR-ORD-2023-00067,ILLINOIS0001,2020-06-11,149,38431.54,35741.33
PUR-ORD-2023-00066,ELECTRON0002,2020-03-02,70,43747.87,41560.48
PUR-ORD-2023-00065,INTERNAT0001,2020-02-17,140,56361.24,52415.97
PUR-ORD-2023-00064,BUSINESS0001,2020-03-12,73,41206.04,39145.74
PUR-ORD-2023-00063,PROSE0001,2020-02-22,99,24049.6,23328.12
PUR-ORD-2023-00062,ADATUM0001,2020-03-20,23,34975.87,33926.6
PUR-ORD-2023-00061,BUSINESS0001,2019-08-04,24,21669.58,19502.62
PUR-ORD-2023-00060,ELECTRON0001,2020-03-08,97,42040.05,39097.25
PUR-ORD-2023-00059,ILLINOIS0001,2019-06-14,26,40574.33,37734.12
PUR-ORD-2023-00058,ELECTRON0001,2019-09-19,12,23677.16,21309.44
PUR-ORD-2023-00057,ADATUM0001,2019-04-03,45,65154.42,57335.89
PUR-ORD-2023-00056,ANDERSON0001,2019-01-11,30,26328.83,23695.94
PUR-ORD-2023-00055,ADATUM0001,2019-06-05,71,17678.19,16794.28
PUR-ORD-2023-00054,ILLINOIS0001,2019-04-02,23,18295.38,16648.8
PUR-ORD-2023-00053,ELECTRON0001,2019-04-02,76,27603.81,25947.57
PUR-ORD-2023-00052,ADATUM0001,2019-03-21,31,41571.68,40324.53
PUR-ORD-2023-00051,ANDERSON0001,2019-03-11,33,31730.6,30144.07
PUR-ORD-2023-00050,LITWARE0001,2020-03-22,162,15839.3,15364.12
PUR-ORD-2023-00049,INTEGRAT0001,2019-02-21,83,22175.52,20401.47
PUR-ORD-2023-00048,ILLINOIS0001,2020-03-06,29,42501.24,40376.19
PUR-ORD-2023-00047,BUSINESS0001,2019-02-06,15,9030.48,8488.65
PUR-ORD-2023-00046,ADATUM0001,2019-01-24,19,13253.4,12590.72
PUR-ORD-2023-00044,ADATUM0001,2020-02-19,348,26594.73,25265
PUR-ORD-2023-00043,ILLINOIS0001,2020-02-10,54,34636.92,32212.33
PUR-ORD-2023-00042,ELECTRON0002,2020-03-03,61,8766.31,8503.31
PUR-ORD-2023-00041,ELECTRON0001,2020-02-24,30,47304.21,44939
PUR-ORD-2023-00040,INTERNAT0001,2020-02-05,204,78175.37,68794.33
PUR-ORD-2023-00039,ANDERSON0001,2020-02-26,189,11644.59,11469.91
PUR-ORD-2023-00038,PROSE0001,2020-02-20,74,33528.74,32522.88
PUR-ORD-2023-00037,ILLINOIS0001,2020-02-21,136,54584.03,48033.95
PUR-ORD-2023-00036,ELECTRON0002,2020-02-05,39,46949.45,42254.51
PUR-ORD-2023-00035,ANDERSON0001,2020-01-23,26,17409.34,16887.06
PUR-ORD-2023-00034,INTEGRAT0001,2020-02-18,149,41225.68,38339.89
PUR-ORD-2023-00033,ILLINOIS0001,2020-02-17,87,24938.93,24190.76
PUR-ORD-2023-00032,ADATUM0001,2020-02-10,158,30696.49,28547.74
PUR-ORD-2023-00031,ELECTRON0001,2020-02-01,128,46609.52,44279.03
PUR-ORD-2023-00030,ADATUM0001,2020-02-10,216,112138.82,104289.11
PUR-ORD-2023-00029,BUSINESS0001,2020-02-04,80,22637.2,21958.09
PUR-ORD-2023-00028,ELECTRON0002,2020-02-04,94,41480.84,39406.8
PUR-ORD-2023-00027,ELECTRON0001,2020-02-17,180,93789.05,84410.15
PUR-ORD-2023-00026,BUSINESS0001,2020-02-03,137,132795.54,123499.85
PUR-ORD-2023-00025,ELECTRON0001,2020-02-11,80,43128.2,40971.79
PUR-ORD-2023-00024,PROSE0001,2020-01-06,152,120398.82,96319.06
PUR-ORD-2023-00023,ADATUM0001,2020-01-29,132,39685.54,36907.55
PUR-ORD-2023-00022,ELECTRON0002,2020-01-30,108,91760.38,80749.13
PUR-ORD-2023-00021,PROSE0001,2020-01-27,86,20029.58,19428.69
PUR-ORD-2023-00020,ELECTRON0001,2020-01-22,158,53551.88,42841.5
PUR-ORD-2023-00019,LITWARE0001,2020-01-17,127,70670.27,56536.21
PUR-ORD-2023-00018,INTEGRAT0001,2020-01-03,140,50294.77,42750.56
PUR-ORD-2023-00017,ELECTRON0001,2020-01-15,50,20949.08,20320.61
PUR-ORD-2023-00016,ILLINOIS0001,2020-01-16,110,125036.3,106280.86
PUR-ORD-2023-00015,INTERNAT0001,2020-01-25,216,128184.59,102547.67
PUR-ORD-2023-00014,ADATUM0001,2020-01-17,75,32002.43,30402.3
PUR-ORD-2023-00013,ELECTRON0002,2020-01-15,98,39993.6,35994.23
PUR-ORD-2023-00012,BUSINESS0001,2020-01-07,182,61483.44,52260.94
PUR-ORD-2023-00011,ADATUM0001,2020-01-03,112,28146.77,26739.44
